{
    "Contact.Contact.Unspecified": 0.7443181818181818,
    "Movement.Transportation.Unspecified": 0.9545454545454546,
    "Conflict.Attack.DetonateExplode": 0.9943181818181818,
    "Movement.Transportation.PreventPassage": 0.26704545454545453,
    "Justice.InvestigateCrime.Unspecified": 0.3977272727272727,
    "Conflict.Demonstrate.Unspecified": 0.4034090909090909,
    "Personnel.EndPosition.Unspecified": 0.4602272727272727,
    "Contact.Contact.Correspondence": 0.5056818181818182,
    "Medical.Intervention.Unspecified": 0.44886363636363635,
    "ArtifactExistence.ManufactureAssemble.Unspecified": 0.3522727272727273,
    "ArtifactExistence.DamageDestroyDisableDismantle.Destroy": 0.32386363636363635,
    "Life.Die.Unspecified": 0.9659090909090909,
    "Conflict.Attack.Unspecified": 0.9659090909090909,
    "Life.Injure.Unspecified": 0.9659090909090909,
    "Contact.RequestCommand.Unspecified": 0.3125,
    "ArtifactExistence.DamageDestroyDisableDismantle.Damage": 0.3181818181818182,
    "Contact.Contact.Broadcast": 0.6931818181818182,
    "Contact.Contact.Meet": 0.7102272727272727,
    "Movement.Transportation.Evacuation": 0.5,
    "GenericCrime.GenericCrime.GenericCrime": 0.2215909090909091,
    "Control.ImpedeInterfereWith.Unspecified": 0.2215909090909091,
    "Justice.Convict.Unspecified": 0.17045454545454544,
    "Contact.ThreatenCoerce.Unspecified": 0.2727272727272727,
    "Justice.ArrestJailDetain.Unspecified": 0.4943181818181818,
    "Justice.TrialHearing.Unspecified": 0.18181818181818182,
    "Justice.Sentence.Unspecified": 0.17045454545454544,
    "Personnel.StartPosition.Unspecified": 0.3352272727272727,
    "Justice.ChargeIndict.Unspecified": 0.26704545454545453,
    "Transaction.ExchangeBuySell.Unspecified": 0.6420454545454546,
    "Justice.ReleaseParole.Unspecified": 0.23863636363636365,
    "Cognitive.IdentifyCategorize.Unspecified": 0.29545454545454547,
    "ArtifactExistence.DamageDestroyDisableDismantle.DisableDefuse": 0.022727272727272728,
    "Contact.RequestCommand.Broadcast": 0.0625,
    "Cognitive.Inspection.SensoryObserve": 0.16477272727272727,
    "ArtifactExistence.DamageDestroyDisableDismantle.Dismantle": 0.028409090909090908,
    "Disaster.DiseaseOutbreak.Unspecified": 0.028409090909090908,
    "Justice.Acquit.Unspecified": 0.056818181818181816,
    "Disaster.Crash.Unspecified": 0.06818181818181818,
    "Conflict.Defeat.Unspecified": 0.03409090909090909,
    "Contact.RequestCommand.Meet": 0.06818181818181818,
    "Life.Infect.Unspecified": 0.005681818181818182,
    "ArtifactExistence.DamageDestroyDisableDismantle.Unspecified": 0.017045454545454544,
    "Cognitive.TeachingTrainingLearning.Unspecified": 0.005681818181818182,
    "Contact.ThreatenCoerce.Broadcast": 0.03409090909090909
}