{
    "GenericCrime.GenericCrime.GenericCrime": 0.28,
    "Contact.Contact.Unspecified": 0.6666666666666666,
    "Conflict.Attack.DetonateExplode": 1.0,
    "Life.Die.Unspecified": 0.9866666666666667,
    "Conflict.Attack.Unspecified": 0.9733333333333334,
    "Life.Injure.Unspecified": 0.96,
    "Justice.Convict.Unspecified": 0.22666666666666666,
    "Contact.Contact.Broadcast": 0.68,
    "Justice.ArrestJailDetain.Unspecified": 0.5466666666666666,
    "Justice.InvestigateCrime.Unspecified": 0.4666666666666667,
    "Personnel.EndPosition.Unspecified": 0.38666666666666666,
    "Justice.TrialHearing.Unspecified": 0.22666666666666666,
    "Justice.Sentence.Unspecified": 0.25333333333333335,
    "Personnel.StartPosition.Unspecified": 0.4666666666666667,
    "Justice.ChargeIndict.Unspecified": 0.30666666666666664,
    "Transaction.ExchangeBuySell.Unspecified": 0.56,
    "Movement.Transportation.Unspecified": 0.9333333333333333,
    "Contact.Contact.Correspondence": 0.5866666666666667,
    "Justice.ReleaseParole.Unspecified": 0.25333333333333335,
    "Movement.Transportation.Evacuation": 0.4533333333333333,
    "Medical.Intervention.Unspecified": 0.4266666666666667,
    "ArtifactExistence.DamageDestroyDisableDismantle.Destroy": 0.5333333333333333,
    "ArtifactExistence.ManufactureAssemble.Unspecified": 0.32,
    "Justice.Acquit.Unspecified": 0.10666666666666667,
    "Contact.Contact.Meet": 0.6933333333333334,
    "Disaster.Crash.Unspecified": 0.17333333333333334,
    "Movement.Transportation.PreventPassage": 0.2,
    "Control.ImpedeInterfereWith.Unspecified": 0.18666666666666668,
    "ArtifactExistence.DamageDestroyDisableDismantle.Damage": 0.52,
    "Contact.RequestCommand.Unspecified": 0.3466666666666667,
    "Contact.ThreatenCoerce.Unspecified": 0.26666666666666666,
    "Conflict.Demonstrate.Unspecified": 0.41333333333333333,
    "Cognitive.IdentifyCategorize.Unspecified": 0.24,
    "Contact.RequestCommand.Broadcast": 0.04,
    "Cognitive.Inspection.SensoryObserve": 0.17333333333333334,
    "Contact.RequestCommand.Meet": 0.06666666666666667,
    "Conflict.Defeat.Unspecified": 0.05333333333333334,
    "ArtifactExistence.DamageDestroyDisableDismantle.Dismantle": 0.08,
    "Contact.ThreatenCoerce.Broadcast": 0.05333333333333334,
    "Life.Infect.Unspecified": 0.013333333333333334
}