{
    "Movement.Transportation.Unspecified": 1.0,
    "Life.Injure.Unspecified": 1.0,
    "ArtifactExistence.DamageDestroyDisableDismantle.Destroy": 0.3181818181818182,
    "Contact.Contact.Unspecified": 0.7727272727272727,
    "Conflict.Attack.Unspecified": 1.0,
    "ArtifactExistence.DamageDestroyDisableDismantle.Damage": 0.3181818181818182,
    "Life.Die.Unspecified": 1.0,
    "Conflict.Attack.DetonateExplode": 1.0,
    "Justice.ReleaseParole.Unspecified": 0.18181818181818182,
    "Conflict.Demonstrate.Unspecified": 0.5454545454545454,
    "Contact.RequestCommand.Unspecified": 0.45454545454545453,
    "Contact.Contact.Meet": 0.7727272727272727,
    "Contact.Contact.Correspondence": 0.5,
    "Contact.ThreatenCoerce.Unspecified": 0.4090909090909091,
    "Contact.Contact.Broadcast": 0.7727272727272727,
    "Medical.Intervention.Unspecified": 0.45454545454545453,
    "Movement.Transportation.Evacuation": 0.4090909090909091,
    "Transaction.ExchangeBuySell.Unspecified": 0.5909090909090909,
    "Justice.InvestigateCrime.Unspecified": 0.4090909090909091,
    "Justice.Convict.Unspecified": 0.18181818181818182,
    "GenericCrime.GenericCrime.GenericCrime": 0.13636363636363635,
    "Justice.TrialHearing.Unspecified": 0.3181818181818182,
    "Justice.Sentence.Unspecified": 0.13636363636363635,
    "Justice.ChargeIndict.Unspecified": 0.3181818181818182,
    "ArtifactExistence.ManufactureAssemble.Unspecified": 0.5,
    "Justice.ArrestJailDetain.Unspecified": 0.5,
    "Personnel.StartPosition.Unspecified": 0.18181818181818182,
    "Justice.Acquit.Unspecified": 0.09090909090909091,
    "Personnel.EndPosition.Unspecified": 0.36363636363636365,
    "Control.ImpedeInterfereWith.Unspecified": 0.2727272727272727,
    "Contact.RequestCommand.Broadcast": 0.09090909090909091,
    "Cognitive.IdentifyCategorize.Unspecified": 0.18181818181818182,
    "Contact.RequestCommand.Meet": 0.045454545454545456,
    "Cognitive.Inspection.SensoryObserve": 0.09090909090909091,
    "Movement.Transportation.PreventPassage": 0.13636363636363635,
    "Conflict.Defeat.Unspecified": 0.045454545454545456,
    "Contact.ThreatenCoerce.Broadcast": 0.045454545454545456
}