{
    "Conflict.Attack.Unspecified": {
        "Justice.InvestigateCrime.Unspecified": 0.02631578947368421,
        "GenericCrime.GenericCrime.GenericCrime": 0.02631578947368421,
        "Medical.Intervention.Unspecified": 0.02631578947368421,
        "Movement.Transportation.Unspecified": 0.07894736842105263,
        "Contact.Contact.Unspecified": 0.07894736842105263,
        "Life.Injure.Unspecified": 0.10526315789473684,
        "Contact.Contact.Correspondence": 0.02631578947368421,
        "Movement.Transportation.Evacuation": 0.02631578947368421,
        "Conflict.Attack.DetonateExplode": 0.05263157894736842,
        "Conflict.Attack.Unspecified": 0.21052631578947367,
        "Contact.Contact.Meet": 0.10526315789473684,
        "Personnel.EndPosition.Unspecified": 0.10526315789473684,
        "Contact.Contact.Broadcast": 0.07894736842105263,
        "Cognitive.IdentifyCategorize.Unspecified": 0.02631578947368421,
        "Contact.ThreatenCoerce.Unspecified": 0.02631578947368421
    },
    "Contact.Contact.Unspecified": {
        "Movement.Transportation.Evacuation": 0.09090909090909091,
        "Life.Injure.Unspecified": 0.09090909090909091,
        "Conflict.Attack.Unspecified": 0.09090909090909091,
        "Justice.ArrestJailDetain.Unspecified": 0.09090909090909091,
        "Contact.Contact.Correspondence": 0.09090909090909091,
        "Justice.TrialHearing.Unspecified": 0.18181818181818182,
        "Justice.Sentence.Unspecified": 0.18181818181818182,
        "Justice.ReleaseParole.Unspecified": 0.09090909090909091,
        "Contact.Contact.Meet": 0.09090909090909091
    },
    "Movement.Transportation.Unspecified": {
        "Conflict.Attack.Unspecified": 0.06097560975609756,
        "Medical.Intervention.Unspecified": 0.036585365853658534,
        "Life.Injure.Unspecified": 0.08536585365853659,
        "Movement.Transportation.Unspecified": 0.2804878048780488,
        "Justice.ArrestJailDetain.Unspecified": 0.036585365853658534,
        "Cognitive.IdentifyCategorize.Unspecified": 0.024390243902439025,
        "Justice.InvestigateCrime.Unspecified": 0.012195121951219513,
        "Life.Die.Unspecified": 0.036585365853658534,
        "Conflict.Attack.DetonateExplode": 0.012195121951219513,
        "Justice.ChargeIndict.Unspecified": 0.036585365853658534,
        "Justice.Sentence.Unspecified": 0.036585365853658534,
        "Justice.ReleaseParole.Unspecified": 0.012195121951219513,
        "Justice.TrialHearing.Unspecified": 0.04878048780487805,
        "Movement.Transportation.Evacuation": 0.07317073170731707,
        "Contact.Contact.Unspecified": 0.07317073170731707,
        "Contact.Contact.Correspondence": 0.012195121951219513,
        "Contact.Contact.Meet": 0.036585365853658534,
        "Contact.Contact.Broadcast": 0.04878048780487805,
        "Control.ImpedeInterfereWith.Unspecified": 0.012195121951219513,
        "Transaction.ExchangeBuySell.Unspecified": 0.012195121951219513,
        "Contact.ThreatenCoerce.Unspecified": 0.012195121951219513
    },
    "Justice.InvestigateCrime.Unspecified": {
        "Movement.Transportation.Evacuation": 1.0
    },
    "ArtifactExistence.ManufactureAssemble.Unspecified": {
        "Justice.ChargeIndict.Unspecified": 0.14285714285714285,
        "Movement.Transportation.Unspecified": 0.14285714285714285,
        "Conflict.Attack.DetonateExplode": 0.14285714285714285,
        "Life.Die.Unspecified": 0.047619047619047616,
        "Justice.Sentence.Unspecified": 0.09523809523809523,
        "Justice.ArrestJailDetain.Unspecified": 0.047619047619047616,
        "Justice.ReleaseParole.Unspecified": 0.047619047619047616,
        "Justice.TrialHearing.Unspecified": 0.14285714285714285,
        "Contact.Contact.Unspecified": 0.047619047619047616,
        "Life.Injure.Unspecified": 0.14285714285714285
    },
    "Cognitive.TeachingTrainingLearning.Unspecified": {
        "Justice.Sentence.Unspecified": 0.25,
        "Justice.ArrestJailDetain.Unspecified": 0.25,
        "Justice.ReleaseParole.Unspecified": 0.25,
        "ArtifactExistence.ManufactureAssemble.Unspecified": 0.25
    },
    "Conflict.Attack.DetonateExplode": {
        "Justice.Sentence.Unspecified": 0.05714285714285714,
        "Contact.Contact.Unspecified": 0.05714285714285714,
        "Contact.Contact.Meet": 0.02857142857142857,
        "Justice.ChargeIndict.Unspecified": 0.02857142857142857,
        "Justice.ArrestJailDetain.Unspecified": 0.05714285714285714,
        "Contact.Contact.Broadcast": 0.11428571428571428,
        "Life.Die.Unspecified": 0.02857142857142857,
        "Conflict.Attack.DetonateExplode": 0.2,
        "Disaster.Crash.Unspecified": 0.05714285714285714,
        "ArtifactExistence.DamageDestroyDisableDismantle.DisableDefuse": 0.05714285714285714,
        "Justice.InvestigateCrime.Unspecified": 0.05714285714285714,
        "Life.Injure.Unspecified": 0.14285714285714285,
        "Movement.Transportation.Unspecified": 0.05714285714285714,
        "Conflict.Attack.Unspecified": 0.05714285714285714
    },
    "Justice.ChargeIndict.Unspecified": {
        "Justice.ChargeIndict.Unspecified": 0.14285714285714285,
        "Justice.Sentence.Unspecified": 0.17857142857142858,
        "Justice.TrialHearing.Unspecified": 0.10714285714285714,
        "Justice.ArrestJailDetain.Unspecified": 0.03571428571428571,
        "Justice.ReleaseParole.Unspecified": 0.03571428571428571,
        "Contact.Contact.Unspecified": 0.14285714285714285,
        "Contact.Contact.Meet": 0.10714285714285714,
        "Medical.Intervention.Unspecified": 0.14285714285714285,
        "Life.Injure.Unspecified": 0.07142857142857142,
        "GenericCrime.GenericCrime.GenericCrime": 0.03571428571428571
    },
    "Life.Injure.Unspecified": {
        "Movement.Transportation.Unspecified": 0.058823529411764705,
        "Medical.Intervention.Unspecified": 0.08823529411764706,
        "Life.Die.Unspecified": 0.058823529411764705,
        "Justice.Sentence.Unspecified": 0.17647058823529413,
        "Justice.TrialHearing.Unspecified": 0.11764705882352941,
        "Justice.ArrestJailDetain.Unspecified": 0.058823529411764705,
        "Justice.ReleaseParole.Unspecified": 0.029411764705882353,
        "Contact.Contact.Unspecified": 0.058823529411764705,
        "Life.Injure.Unspecified": 0.058823529411764705,
        "Justice.ChargeIndict.Unspecified": 0.11764705882352941,
        "Conflict.Attack.Unspecified": 0.029411764705882353,
        "Contact.Contact.Correspondence": 0.058823529411764705,
        "Contact.Contact.Meet": 0.029411764705882353,
        "GenericCrime.GenericCrime.GenericCrime": 0.029411764705882353,
        "Contact.Contact.Broadcast": 0.029411764705882353
    },
    "Medical.Intervention.Unspecified": {
        "Movement.Transportation.Unspecified": 0.125,
        "Contact.Contact.Unspecified": 0.25,
        "Contact.Contact.Meet": 0.25,
        "Justice.ChargeIndict.Unspecified": 0.125,
        "Medical.Intervention.Unspecified": 0.125,
        "Justice.Sentence.Unspecified": 0.125
    },
    "Life.Die.Unspecified": {
        "Cognitive.IdentifyCategorize.Unspecified": 0.09090909090909091,
        "Movement.Transportation.Unspecified": 0.18181818181818182,
        "Personnel.StartPosition.Unspecified": 0.18181818181818182,
        "Transaction.ExchangeBuySell.Unspecified": 0.09090909090909091,
        "Movement.Transportation.Evacuation": 0.09090909090909091,
        "Personnel.EndPosition.Unspecified": 0.18181818181818182,
        "Conflict.Attack.Unspecified": 0.09090909090909091,
        "Contact.Contact.Broadcast": 0.09090909090909091
    },
    "Justice.TrialHearing.Unspecified": {
        "Justice.TrialHearing.Unspecified": 0.38461538461538464,
        "Justice.ChargeIndict.Unspecified": 0.07692307692307693,
        "Justice.Sentence.Unspecified": 0.38461538461538464,
        "Justice.ReleaseParole.Unspecified": 0.07692307692307693,
        "Justice.ArrestJailDetain.Unspecified": 0.07692307692307693
    },