{
    "Justice.ArrestJailDetain.Unspecified": 0.6477272727272727,
    "Conflict.Attack.DetonateExplode": 1.0,
    "Contact.Contact.Meet": 0.5909090909090909,
    "Movement.Transportation.Evacuation": 0.4431818181818182,
    "Justice.TrialHearing.Unspecified": 0.4090909090909091,
    "Life.Die.Unspecified": 0.9431818181818182,
    "Conflict.Attack.Unspecified": 1.0,
    "Life.Injure.Unspecified": 0.9886363636363636,
    "Justice.Convict.Unspecified": 0.32954545454545453,
    "Justice.ChargeIndict.Unspecified": 0.4318181818181818,
    "GenericCrime.GenericCrime.GenericCrime": 0.2840909090909091,
    "Contact.Contact.Unspecified": 0.6931818181818182,
    "Conflict.Demonstrate.Unspecified": 0.36363636363636365,
    "Contact.Contact.Broadcast": 0.625,
    "Justice.InvestigateCrime.Unspecified": 0.4090909090909091,
    "Personnel.EndPosition.Unspecified": 0.3977272727272727,
    "Justice.Sentence.Unspecified": 0.3522727272727273,
    "Personnel.StartPosition.Unspecified": 0.3068181818181818,
    "Transaction.ExchangeBuySell.Unspecified": 0.5454545454545454,
    "Movement.Transportation.Unspecified": 0.9545454545454546,
    "Contact.Contact.Correspondence": 0.48863636363636365,
    "Justice.ReleaseParole.Unspecified": 0.2840909090909091,
    "Medical.Intervention.Unspecified": 0.42045454545454547,
    "ArtifactExistence.DamageDestroyDisableDismantle.Destroy": 0.38636363636363635,
    "Contact.RequestCommand.Unspecified": 0.2727272727272727,
    "Disaster.Crash.Unspecified": 0.03409090909090909,
    "Control.ImpedeInterfereWith.Unspecified": 0.1590909090909091,
    "Cognitive.IdentifyCategorize.Unspecified": 0.2840909090909091,
    "Contact.ThreatenCoerce.Unspecified": 0.25,
    "Contact.ThreatenCoerce.Broadcast": 0.011363636363636364,
    "ArtifactExistence.ManufactureAssemble.Unspecified": 0.29545454545454547,
    "Justice.Acquit.Unspecified": 0.11363636363636363,
    "Movement.Transportation.PreventPassage": 0.2159090909090909,
    "Cognitive.Inspection.SensoryObserve": 0.125,
    "Contact.RequestCommand.Meet": 0.07954545454545454,
    "ArtifactExistence.DamageDestroyDisableDismantle.Dismantle": 0.022727272727272728,
    "ArtifactExistence.DamageDestroyDisableDismantle.Damage": 0.38636363636363635,
    "ArtifactExistence.DamageDestroyDisableDismantle.DisableDefuse": 0.011363636363636364,
    "Contact.RequestCommand.Broadcast": 0.011363636363636364
}