{
    "Conflict.Attack.Unspecified": {
        "Conflict.Demonstrate.Unspecified": 0.4146341463414634,
        "Conflict.Attack.DetonateExplode": 0.024390243902439025,
        "Life.Die.Unspecified": 0.07317073170731707,
        "Conflict.Attack.Unspecified": 0.07317073170731707,
        "Contact.Contact.Meet": 0.0975609756097561,
        "Movement.Transportation.Unspecified": 0.17073170731707318,
        "Contact.Contact.Correspondence": 0.04878048780487805,
        "Medical.Intervention.Unspecified": 0.024390243902439025,
        "Justice.ArrestJailDetain.Unspecified": 0.04878048780487805,
        "Contact.Contact.Unspecified": 0.024390243902439025
    },
    "Transaction.ExchangeBuySell.Unspecified": {
        "Conflict.Demonstrate.Unspecified": 0.375,
        "Conflict.Attack.Unspecified": 0.125,
        "Movement.Transportation.Unspecified": 0.25,
        "Contact.Contact.Meet": 0.25
    },
    "Life.Die.Unspecified": {
        "Contact.ThreatenCoerce.Unspecified": 0.07692307692307693,
        "Conflict.Attack.DetonateExplode": 0.07692307692307693,
        "Conflict.Demonstrate.Unspecified": 0.38461538461538464,
        "Life.Injure.Unspecified": 0.07692307692307693,
        "Conflict.Attack.Unspecified": 0.23076923076923078,
        "Contact.Contact.Broadcast": 0.07692307692307693,
        "Contact.Contact.Unspecified": 0.07692307692307693
    },
    "Movement.Transportation.Unspecified": {
        "Conflict.Demonstrate.Unspecified": 0.06451612903225806,
        "Movement.Transportation.Unspecified": 0.7311827956989247,
        "Personnel.StartPosition.Unspecified": 0.03225806451612903,
        "Conflict.Attack.Unspecified": 0.08602150537634409,
        "Contact.Contact.Meet": 0.07526881720430108,
        "Transaction.ExchangeBuySell.Unspecified": 0.010752688172043012
    },
    "Conflict.Demonstrate.Unspecified": {
        "Conflict.Demonstrate.Unspecified": 0.23170731707317074,
        "Personnel.EndPosition.Unspecified": 0.012195121951219513,
        "Contact.Contact.Correspondence": 0.06097560975609756,
        "Conflict.Attack.Unspecified": 0.04878048780487805,
        "Transaction.ExchangeBuySell.Unspecified": 0.024390243902439025,
        "Control.ImpedeInterfereWith.Unspecified": 0.012195121951219513,
        "Life.Injure.Unspecified": 0.012195121951219513,
        "Contact.Contact.Broadcast": 0.07317073170731707,
        "Personnel.StartPosition.Unspecified": 0.04878048780487805,
        "Contact.Contact.Meet": 0.0975609756097561,
        "Movement.Transportation.Unspecified": 0.2682926829268293,
        "Life.Die.Unspecified": 0.012195121951219513,
        "Justice.ChargeIndict.Unspecified": 0.012195121951219513,
        "Contact.ThreatenCoerce.Unspecified": 0.012195121951219513,
        "Movement.Transportation.Evacuation": 0.036585365853658534,
        "Justice.InvestigateCrime.Unspecified": 0.012195121951219513,
        "Justice.ArrestJailDetain.Unspecified": 0.012195121951219513,
        "Contact.Contact.Unspecified": 0.012195121951219513
    },
    "Contact.Contact.Meet": {
        "Conflict.Demonstrate.Unspecified": 0.1388888888888889,
        "Contact.Contact.Meet": 0.25,
        "Movement.Transportation.Unspecified": 0.5,
        "Transaction.ExchangeBuySell.Unspecified": 0.027777777777777776,
        "Conflict.Attack.Unspecified": 0.027777777777777776,
        "Justice.ChargeIndict.Unspecified": 0.027777777777777776,
        "Contact.Contact.Unspecified": 0.027777777777777776
    },
    "Personnel.StartPosition.Unspecified": {
        "Conflict.Demonstrate.Unspecified": 0.25,
        "Contact.Contact.Correspondence": 0.25,
        "Life.Die.Unspecified": 0.125,
        "Contact.Contact.Meet": 0.125,
        "Movement.Transportation.Unspecified": 0.125,
        "Contact.Contact.Unspecified": 0.125
    },
    "Personnel.EndPosition.Unspecified": {
        "Conflict.Demonstrate.Unspecified": 0.5,
        "Movement.Transportation.Unspecified": 0.16666666666666666,
        "Contact.Contact.Meet": 0.16666666666666666,
        "Movement.Transportation.Evacuation": 0.16666666666666666
    },
    "Contact.RequestCommand.Unspecified": {
        "Contact.Contact.Broadcast": 0.6666666666666666,
        "Conflict.Demonstrate.Unspecified": 0.3333333333333333
    },
    "Contact.Contact.Correspondence": {
        "Conflict.Demonstrate.Unspecified": 0.1,
        "Contact.Contact.Broadcast": 0.2,
        "Contact.Contact.Meet": 0.1,
        "Contact.Contact.Correspondence": 0.2,
        "Conflict.Attack.Unspecified": 0.1,
        "Movement.Transportation.Unspecified": 0.1,
        "Contact.ThreatenCoerce.Unspecified": 0.1,
        "Life.Die.Unspecified": 0.1
    },
    "Contact.Contact.Unspecified": {
        "Conflict.Demonstrate.Unspecified": 0.75,
        "Contact.Contact.Meet": 0.25
    },
    "Justice.ArrestJailDetain.Unspecified": {
        "Conflict.Demonstrate.Unspecified": 0.5,
        "Movement.Transportation.Unspecified": 0.25,
        "Medical.Intervention.Unspecified": 0.25
    },
    "Movement.Transportation.Evacuation": {
        "Movement.Transportation.Unspecified": 1.0
    },
    "Contact.Contact.Broadcast": {
        "Conflict.Demonstrate.Unspecified": 0.1111111111111111,
        "Contact.Contact.Broadcast": 0.4444444444444444,
        "Personnel.StartPosition.Unspecified": 0.1111111111111111,
        "Conflict.Attack.DetonateExplode": 0.1111111111111111,
        "Contact.Contact.Meet": 0.2222222222222222
    },
    "Contact.ThreatenCoerce.Unspecified": {
        "Contact.Contact.Meet": 0.4,
        "Movement.Transportation.Unspecified": 0.4,
        "Conflict.Attack.Unspecified": 0.2
    },
    "Control.ImpedeInterfereWith.Unspecified": {
        "Conflict.Demonstrate.Unspecified": 1.0
    },
    "Life.Injure.Unspecified": {
        "Conflict.Demonstrate.Unspecified": 1.0
    }
}