{
    "Movement.Transportation.Unspecified": {
        "Transaction.ExchangeBuySell.Unspecified": 0.10900473933649289,
        "Movement.Transportation.Unspecified": 0.44075829383886256,
        "Conflict.Attack.DetonateExplode": 0.004739336492890996,
        "Life.Injure.Unspecified": 0.014218009478672985,
        "Movement.Transportation.Evacuation": 0.009478672985781991,
        "Contact.Contact.Correspondence": 0.052132701421800945,
        "Medical.Intervention.Unspecified": 0.14691943127962084,
        "Contact.Contact.Meet": 0.08056872037914692,
        "Contact.Contact.Unspecified": 0.0995260663507109,
        "Justice.ChargeIndict.Unspecified": 0.004739336492890996,
        "Justice.ReleaseParole.Unspecified": 0.037914691943127965
    },
    "Contact.Contact.Correspondence": {
        "Movement.Transportation.Unspecified": 0.42857142857142855,
        "Transaction.ExchangeBuySell.Unspecified": 0.17857142857142858,
        "Contact.Contact.Correspondence": 0.14285714285714285,
        "Medical.Intervention.Unspecified": 0.14285714285714285,
        "Contact.Contact.Meet": 0.017857142857142856,
        "Contact.Contact.Unspecified": 0.07142857142857142,
        "Life.Die.Unspecified": 0.017857142857142856
    },
    "Transaction.ExchangeBuySell.Unspecified": {
        "Transaction.ExchangeBuySell.Unspecified": 0.3448275862068966,
        "Contact.Contact.Unspecified": 0.20689655172413793,
        "Movement.Transportation.Unspecified": 0.3448275862068966,
        "Contact.Contact.Correspondence": 0.06896551724137931,
        "Medical.Intervention.Unspecified": 0.034482758620689655
    },
    "Contact.Contact.Unspecified": {
        "Transaction.ExchangeBuySell.Unspecified": 0.16666666666666666,
        "Contact.Contact.Unspecified": 0.05555555555555555,
        "Movement.Transportation.Unspecified": 0.3333333333333333,
        "Justice.ReleaseParole.Unspecified": 0.1111111111111111,
        "Contact.Contact.Meet": 0.2777777777777778,
        "Medical.Intervention.Unspecified": 0.05555555555555555
    },
    "Personnel.StartPosition.Unspecified": {
        "Contact.Contact.Correspondence": 1.0
    },
    "Life.Injure.Unspecified": {
        "Movement.Transportation.Unspecified": 0.41714285714285715,
        "Transaction.ExchangeBuySell.Unspecified": 0.04,
        "Contact.Contact.Correspondence": 0.05714285714285714,
        "Medical.Intervention.Unspecified": 0.16,
        "Contact.Contact.Meet": 0.06285714285714286,
        "Contact.Contact.Unspecified": 0.06857142857142857,
        "Justice.ChargeIndict.Unspecified": 0.011428571428571429,
        "Life.Injure.Unspecified": 0.09142857142857143,
        "Movement.Transportation.Evacuation": 0.04,
        "Justice.ReleaseParole.Unspecified": 0.017142857142857144,
        "Life.Die.Unspecified": 0.03428571428571429
    },
    "Conflict.Attack.Unspecified": {
        "Transaction.ExchangeBuySell.Unspecified": 0.034482758620689655,
        "Life.Injure.Unspecified": 0.13793103448275862,
        "Movement.Transportation.Unspecified": 0.3793103448275862,
        "Contact.Contact.Meet": 0.10344827586206896,
        "Medical.Intervention.Unspecified": 0.13793103448275862,
        "Contact.Contact.Unspecified": 0.13793103448275862,
        "Justice.ReleaseParole.Unspecified": 0.034482758620689655,
        "Movement.Transportation.Evacuation": 0.034482758620689655
    },
    "Medical.Intervention.Unspecified": {
        "Movement.Transportation.Unspecified": 0.41414141414141414,
        "Medical.Intervention.Unspecified": 0.10101010101010101,
        "Contact.Contact.Meet": 0.12121212121212122,
        "Transaction.ExchangeBuySell.Unspecified": 0.06060606060606061,
        "Contact.Contact.Correspondence": 0.04040404040404041,
        "Contact.Contact.Unspecified": 0.15151515151515152,
        "Justice.ChargeIndict.Unspecified": 0.010101010101010102,
        "Justice.ReleaseParole.Unspecified": 0.050505050505050504,
        "Life.Injure.Unspecified": 0.020202020202020204,
        "Life.Die.Unspecified": 0.020202020202020204,
        "Movement.Transportation.Evacuation": 0.010101010101010102
    },
    "Movement.Transportation.Evacuation": {
        "Contact.Contact.Correspondence": 0.23076923076923078,
        "Movement.Transportation.Evacuation": 0.07692307692307693,
        "Movement.Transportation.Unspecified": 0.5384615384615384,
        "Life.Injure.Unspecified": 0.07692307692307693,
        "Contact.Contact.Unspecified": 0.07692307692307693
    },
    "Justice.ChargeIndict.Unspecified": {
        "Contact.Contact.Correspondence": 0.15384615384615385,
        "Movement.Transportation.Unspecified": 0.38461538461538464,
        "Medical.Intervention.Unspecified": 0.07692307692307693,
        "Contact.Contact.Meet": 0.07692307692307693,
        "Transaction.ExchangeBuySell.Unspecified": 0.23076923076923078,
        "Contact.Contact.Unspecified": 0.07692307692307693
    },
    "Contact.Contact.Meet": {
        "Transaction.ExchangeBuySell.Unspecified": 0.10344827586206896,
        "Movement.Transportation.Unspecified": 0.3448275862068966,
        "Contact.Contact.Unspecified": 0.13793103448275862,
        "Contact.Contact.Correspondence": 0.06896551724137931,
        "Medical.Intervention.Unspecified": 0.10344827586206896,
        "Justice.ReleaseParole.Unspecified": 0.034482758620689655,
        "Contact.Contact.Meet": 0.20689655172413793
    },
    "Justice.ReleaseParole.Unspecified": {
        "Movement.Transportation.Unspecified": 0.5,
        "Contact.Contact.Meet": 0.3333333333333333,
        "Contact.Contact.Unspecified": 0.16666666666666666
    },
    "Movement.Transportation.PreventPassage": {
        "Contact.Contact.Meet": 0.5,
        "Movement.Transportation.Unspecified": 0.5
    },
    "Life.Die.Unspecified": {
        "Disaster.DiseaseOutbreak.Unspecified": 0.16666666666666666,
        "Movement.Transportation.Unspecified": 0.6666666666666666,
        "Movement.Transportation.Evacuation": 0.16666666666666666
    },
    "Contact.Contact.Broadcast": {
        "Contact.Contact.Correspondence": 1.0
    },
    "Contact.RequestCommand.Meet": {
        "Contact.Contact.Correspondence": 0.5,
        "Movement.Transportation.Evacuation": 0.5
    }
}