{
    "Transaction.ExchangeBuySell.Unspecified": {
        "Transaction.ExchangeBuySell.Unspecified": 0.6216216216216216,
        "Contact.Contact.Correspondence": 0.11379800853485064,
        "Personnel.EndPosition.Unspecified": 0.032716927453769556,
        "Personnel.StartPosition.Unspecified": 0.011379800853485065,
        "Contact.Contact.Broadcast": 0.008534850640113799,
        "Contact.Contact.Unspecified": 0.06401137980085349,
        "Contact.Contact.Meet": 0.051209103840682786,
        "Movement.Transportation.Unspecified": 0.06970128022759602,
        "Justice.TrialHearing.Unspecified": 0.008534850640113799,
        "Contact.RequestCommand.Unspecified": 0.002844950213371266,
        "Justice.ChargeIndict.Unspecified": 0.001422475106685633,
        "ArtifactExistence.ManufactureAssemble.Unspecified": 0.008534850640113799,
        "Life.Die.Unspecified": 0.002844950213371266,
        "Justice.ReleaseParole.Unspecified": 0.002844950213371266
    },
    "Personnel.EndPosition.Unspecified": {
        "Personnel.StartPosition.Unspecified": 0.046153846153846156,
        "Transaction.ExchangeBuySell.Unspecified": 0.6153846153846154,
        "Movement.Transportation.Unspecified": 0.07692307692307693,
        "Contact.Contact.Correspondence": 0.1076923076923077,
        "Contact.Contact.Unspecified": 0.1076923076923077,
        "ArtifactExistence.ManufactureAssemble.Unspecified": 0.03076923076923077,
        "Personnel.EndPosition.Unspecified": 0.015384615384615385
    },
    "Contact.Contact.Correspondence": {
        "Transaction.ExchangeBuySell.Unspecified": 0.3018867924528302,
        "Contact.Contact.Unspecified": 0.10377358490566038,
        "Contact.Contact.Correspondence": 0.330188679245283,
        "Contact.Contact.Meet": 0.16981132075471697,
        "Movement.Transportation.Unspecified": 0.0660377358490566,
        "Personnel.StartPosition.Unspecified": 0.018867924528301886,
        "Contact.RequestCommand.Unspecified": 0.009433962264150943
    },
    "Contact.Contact.Unspecified": {
        "Contact.Contact.Meet": 0.09523809523809523,
        "Transaction.ExchangeBuySell.Unspecified": 0.4444444444444444,
        "Contact.Contact.Correspondence": 0.20634920634920634,
        "Contact.Contact.Unspecified": 0.20634920634920634,
        "Movement.Transportation.Unspecified": 0.047619047619047616
    },
    "Movement.Transportation.Unspecified": {
        "Contact.Contact.Meet": 0.15789473684210525,
        "Transaction.ExchangeBuySell.Unspecified": 0.34210526315789475,
        "Contact.Contact.Unspecified": 0.07894736842105263,
        "Personnel.StartPosition.Unspecified": 0.05263157894736842,
        "Contact.Contact.Correspondence": 0.13157894736842105,
        "Movement.Transportation.Unspecified": 0.15789473684210525,
        "Justice.InvestigateCrime.Unspecified": 0.02631578947368421,
        "Life.Die.Unspecified": 0.02631578947368421,
        "Justice.ReleaseParole.Unspecified": 0.02631578947368421
    },
    "Contact.Contact.Meet": {
        "Contact.Contact.Meet": 0.20754716981132076,
        "Contact.Contact.Unspecified": 0.07547169811320754,
        "Transaction.ExchangeBuySell.Unspecified": 0.32075471698113206,
        "Movement.Transportation.Unspecified": 0.11320754716981132,
        "Justice.TrialHearing.Unspecified": 0.018867924528301886,
        "Contact.Contact.Correspondence": 0.22641509433962265,
        "Justice.InvestigateCrime.Unspecified": 0.018867924528301886,
        "Contact.Contact.Broadcast": 0.018867924528301886
    },
    "Personnel.StartPosition.Unspecified": {
        "Transaction.ExchangeBuySell.Unspecified": 0.5714285714285714,
        "Personnel.EndPosition.Unspecified": 0.05714285714285714,
        "Personnel.StartPosition.Unspecified": 0.02857142857142857,
        "Contact.Contact.Meet": 0.08571428571428572,
        "Contact.Contact.Unspecified": 0.05714285714285714,
        "Contact.Contact.Correspondence": 0.05714285714285714,
        "Movement.Transportation.Unspecified": 0.14285714285714285
    },
    "Cognitive.Inspection.SensoryObserve": {
        "Transaction.ExchangeBuySell.Unspecified": 0.75,
        "Justice.ReleaseParole.Unspecified": 0.25
    },
    "Justice.TrialHearing.Unspecified": {
        "Transaction.ExchangeBuySell.Unspecified": 0.4,
        "Contact.Contact.Broadcast": 0.2,
        "Contact.Contact.Meet": 0.4
    },
    "Life.Injure.Unspecified": {
        "Transaction.ExchangeBuySell.Unspecified": 1.0
    },
    "Life.Die.Unspecified": {
        "Transaction.ExchangeBuySell.Unspecified": 0.8333333333333334,
        "Contact.Contact.Unspecified": 0.16666666666666666
    },
    "Contact.RequestCommand.Unspecified": {
        "Transaction.ExchangeBuySell.Unspecified": 0.8,
        "Contact.Contact.Correspondence": 0.2
    },
    "Contact.Contact.Broadcast": {
        "Transaction.ExchangeBuySell.Unspecified": 0.3333333333333333,
        "Justice.Sentence.Unspecified": 0.3333333333333333,
        "Contact.Contact.Meet": 0.3333333333333333
    },
    "Contact.ThreatenCoerce.Unspecified": {
        "Justice.TrialHearing.Unspecified": 1.0
    },
    "Justice.Sentence.Unspecified": {
        "Contact.Contact.Meet": 0.5,
        "Transaction.ExchangeBuySell.Unspecified": 0.5
    },
    "ArtifactExistence.ManufactureAssemble.Unspecified": {
        "Movement.Transportation.Unspecified": 0.5,
        "Contact.Contact.Unspecified": 0.25,
        "Contact.Contact.Correspondence": 0.25
    },
    "Movement.Transportation.PreventPassage": {
        "Contact.Contact.Unspecified": 1.0
    }
}