{
    "Contact.ThreatenCoerce.Unspecified": {
        "Contact.Contact.Unspecified": 0.09722222222222222,
        "Transaction.ExchangeBuySell.Unspecified": 0.2777777777777778,
        "Conflict.Attack.Unspecified": 0.013888888888888888,
        "Justice.ArrestJailDetain.Unspecified": 0.05555555555555555,
        "Contact.Contact.Meet": 0.041666666666666664,
        "Justice.ChargeIndict.Unspecified": 0.027777777777777776,
        "Contact.Contact.Correspondence": 0.25,
        "Movement.Transportation.Unspecified": 0.125,
        "Justice.TrialHearing.Unspecified": 0.013888888888888888,
        "GenericCrime.GenericCrime.GenericCrime": 0.027777777777777776,
        "Contact.ThreatenCoerce.Unspecified": 0.013888888888888888,
        "Contact.RequestCommand.Unspecified": 0.013888888888888888,
        "Justice.ReleaseParole.Unspecified": 0.013888888888888888,
        "Life.Die.Unspecified": 0.027777777777777776
    },
    "Contact.Contact.Unspecified": {
        "Conflict.Attack.Unspecified": 0.042105263157894736,
        "Transaction.ExchangeBuySell.Unspecified": 0.2736842105263158,
        "Personnel.StartPosition.Unspecified": 0.010526315789473684,
        "Contact.Contact.Correspondence": 0.3368421052631579,
        "Movement.Transportation.Unspecified": 0.05263157894736842,
        "Contact.Contact.Meet": 0.031578947368421054,
        "Justice.ChargeIndict.Unspecified": 0.042105263157894736,
        "Justice.ArrestJailDetain.Unspecified": 0.07368421052631578,
        "Life.Injure.Unspecified": 0.021052631578947368,
        "Contact.ThreatenCoerce.Unspecified": 0.021052631578947368,
        "Contact.Contact.Broadcast": 0.031578947368421054,
        "Justice.Sentence.Unspecified": 0.010526315789473684,
        "Justice.TrialHearing.Unspecified": 0.010526315789473684,
        "Contact.Contact.Unspecified": 0.010526315789473684,
        "Justice.ReleaseParole.Unspecified": 0.010526315789473684,
        "Contact.RequestCommand.Unspecified": 0.010526315789473684,
        "Justice.InvestigateCrime.Unspecified": 0.010526315789473684
    },
    "Transaction.ExchangeBuySell.Unspecified": {
        "Transaction.ExchangeBuySell.Unspecified": 0.23548922056384744,
        "Conflict.Attack.Unspecified": 0.009950248756218905,
        "Justice.ArrestJailDetain.Unspecified": 0.08291873963515754,
        "Contact.Contact.Unspecified": 0.03150912106135987,
        "Contact.Contact.Correspondence": 0.37645107794361526,
        "GenericCrime.GenericCrime.GenericCrime": 0.013266998341625208,
        "Contact.Contact.Broadcast": 0.009950248756218905,
        "Movement.Transportation.Unspecified": 0.07960199004975124,
        "Contact.Contact.Meet": 0.04643449419568822,
        "Justice.ChargeIndict.Unspecified": 0.03648424543946932,
        "Life.Injure.Unspecified": 0.01990049751243781,
        "Contact.ThreatenCoerce.Unspecified": 0.01990049751243781,
        "Justice.TrialHearing.Unspecified": 0.008291873963515755,
        "Justice.Sentence.Unspecified": 0.004975124378109453,
        "Justice.Convict.Unspecified": 0.009950248756218905,
        "Personnel.StartPosition.Unspecified": 0.003316749585406302,
        "Contact.RequestCommand.Unspecified": 0.003316749585406302,
        "Justice.ReleaseParole.Unspecified": 0.003316749585406302,
        "Movement.Transportation.Evacuation": 0.001658374792703151,
        "Life.Die.Unspecified": 0.001658374792703151,
        "Justice.InvestigateCrime.Unspecified": 0.001658374792703151
    },
    "Personnel.StartPosition.Unspecified": {
        "Conflict.Attack.Unspecified": 0.1,
        "Contact.Contact.Correspondence": 0.25,
        "Transaction.ExchangeBuySell.Unspecified": 0.1,
        "Contact.Contact.Unspecified": 0.05,
        "Justice.ChargeIndict.Unspecified": 0.05,
        "Justice.Sentence.Unspecified": 0.1,
        "Justice.Convict.Unspecified": 0.15,
        "Justice.TrialHearing.Unspecified": 0.05,
        "Justice.ArrestJailDetain.Unspecified": 0.1,
        "GenericCrime.GenericCrime.GenericCrime": 0.05
    },
    "Conflict.Attack.Unspecified": {
        "Conflict.Attack.Unspecified": 0.12,
        "Justice.Sentence.Unspecified": 0.04,
        "Justice.ChargeIndict.Unspecified": 0.12,
        "Contact.Contact.Unspecified": 0.04,
        "Justice.ArrestJailDetain.Unspecified": 0.28,
        "Justice.Convict.Unspecified": 0.04,
        "Movement.Transportation.Unspecified": 0.16,
        "Movement.Transportation.Evacuation": 0.04,
        "Life.Die.Unspecified": 0.04,
        "Contact.ThreatenCoerce.Unspecified": 0.04,
        "GenericCrime.GenericCrime.GenericCrime": 0.04,
        "Transaction.ExchangeBuySell.Unspecified": 0.04
    },
    "GenericCrime.GenericCrime.GenericCrime": {
        "Justice.ChargeIndict.Unspecified": 0.06666666666666667,
        "Contact.Contact.Correspondence": 0.17777777777777778,
        "Transaction.ExchangeBuySell.Unspecified": 0.17777777777777778,
        "Contact.Contact.Unspecified": 0.08888888888888889,
        "Justice.ArrestJailDetain.Unspecified": 0.1111111111111111,
        "Justice.InvestigateCrime.Unspecified": 0.044444444444444446,
        "Justice.Sentence.Unspecified": 0.022222222222222223,
        "Justice.Convict.Unspecified": 0.044444444444444446,
        "Justice.TrialHearing.Unspecified": 0.044444444444444446,
        "Contact.Contact.Broadcast": 0.044444444444444446,
        "Contact.ThreatenCoerce.Unspecified": 0.044444444444444446,
        "Movement.Transportation.Unspecified": 0.06666666666666667,
        "Justice.ReleaseParole.Unspecified": 0.022222222222222223,
        "Life.Die.Unspecified": 0.022222222222222223,
        "Movement.Transportation.Evacuation": 0.022222222222222223
    },
    "Contact.Contact.Correspondence": {
        "Contact.Contact.Correspondence": 0.4059701492537313,
        "Contact.Contact.Unspecified": 0.013432835820895522,
        "Justice.ArrestJailDetain.Unspecified": 0.09850746268656717,
        "Transaction.ExchangeBuySell.Unspecified": 0.24477611940298508,
        "Conflict.Attack.Unspecified": 0.0014925373134328358,
        "Movement.Transportation.Unspecified": 0.08208955223880597,
        "Contact.Contact.Meet": 0.050746268656716415,
        "Justice.ChargeIndict.Unspecified": 0.03582089552238806,
        "Life.Injure.Unspecified": 0.016417910447761194,
        "Contact.ThreatenCoerce.Unspecified": 0.010447761194029851,
        "Personnel.EndPosition.Unspecified": 0.0014925373134328358,
        "Contact.Contact.Broadcast": 0.011940298507462687,
        "Justice.Sentence.Unspecified": 0.004477611940298508,
        "Justice.Convict.Unspecified": 0.007462686567164179,
        "Justice.TrialHearing.Unspecified": 0.005970149253731343,
        "GenericCrime.GenericCrime.GenericCrime": 0.004477611940298508,
        "Justice.ReleaseParole.Unspecified": 0.0029850746268656717,
        "Life.Die.Unspecified": 0.0014925373134328358
    },
    "Justice.TrialHearing.Unspecified": {
        "Contact.Contact.Correspondence": 0.1,
        "Transaction.ExchangeBuySell.Unspecified": 0.2,
        "Conflict.Attack.Unspecified": 0.1,
        "Movement.Transportation.Unspecified": 0.2,
        "Justice.ArrestJailDetain.Unspecified": 0.1,
        "Justice.Convict.Unspecified": 0.1,
        "Justice.Sentence.Unspecified": 0.1,
        "Justice.ReleaseParole.Unspecified": 0.1
    },
    "Justice.InvestigateCrime.Unspecified": {
        "Contact.Contact.Meet": 0.16666666666666666,
        "Contact.Contact.Unspecified": 0.16666666666666666,
        "Movement.Transportation.Unspecified": 0.16666666666666666,
        "Justice.ArrestJailDetain.Unspecified": 0.16666666666666666,
        "Contact.Contact.Broadcast": 0.3333333333333333
    },
    "Life.Injure.Unspecified": {
        "Conflict.Attack.Unspecified": 0.01818181818181818,
        "Justice.ChargeIndict.Unspecified": 0.01818181818181818,
        "Transaction.ExchangeBuySell.Unspecified": 0.3090909090909091,
        "Contact.Contact.Correspondence": 0.41818181818181815,