{
    "Conflict.Attack.Unspecified": {
        "Justice.ChargeIndict.Unspecified": 0.2727272727272727,
        "Contact.Contact.Unspecified": 0.2727272727272727,
        "Conflict.Attack.Unspecified": 0.045454545454545456,
        "Contact.Contact.Broadcast": 0.045454545454545456,
        "Justice.TrialHearing.Unspecified": 0.045454545454545456,
        "Contact.ThreatenCoerce.Unspecified": 0.045454545454545456,
        "Life.Die.Unspecified": 0.045454545454545456,
        "Medical.Intervention.Unspecified": 0.09090909090909091,
        "Contact.Contact.Correspondence": 0.045454545454545456,
        "Personnel.StartPosition.Unspecified": 0.045454545454545456,
        "Movement.Transportation.Unspecified": 0.045454545454545456
    },
    "Contact.Contact.Correspondence": {
        "Contact.Contact.Broadcast": 0.11538461538461539,
        "Conflict.Attack.Unspecified": 0.038461538461538464,
        "Justice.ChargeIndict.Unspecified": 0.038461538461538464,
        "Contact.Contact.Unspecified": 0.15384615384615385,
        "Medical.Intervention.Unspecified": 0.07692307692307693,
        "Contact.Contact.Meet": 0.11538461538461539,
        "Transaction.ExchangeBuySell.Unspecified": 0.038461538461538464,
        "Contact.ThreatenCoerce.Unspecified": 0.11538461538461539,
        "Life.Die.Unspecified": 0.038461538461538464,
        "Personnel.StartPosition.Unspecified": 0.038461538461538464,
        "Contact.Contact.Correspondence": 0.23076923076923078
    },
    "Justice.ArrestJailDetain.Unspecified": {
        "Justice.TrialHearing.Unspecified": 0.16666666666666666,
        "Conflict.Attack.Unspecified": 0.16666666666666666,
        "Justice.ChargeIndict.Unspecified": 0.16666666666666666,
        "Life.Die.Unspecified": 0.16666666666666666,
        "Contact.Contact.Meet": 0.16666666666666666,
        "Transaction.ExchangeBuySell.Unspecified": 0.16666666666666666
    },
    "Transaction.ExchangeBuySell.Unspecified": {
        "Contact.Contact.Broadcast": 0.09090909090909091,
        "Justice.TrialHearing.Unspecified": 0.09090909090909091,
        "Conflict.Attack.Unspecified": 0.09090909090909091,
        "Life.Die.Unspecified": 0.09090909090909091,
        "Justice.ChargeIndict.Unspecified": 0.18181818181818182,
        "Contact.Contact.Unspecified": 0.18181818181818182,
        "Medical.Intervention.Unspecified": 0.18181818181818182,
        "Contact.Contact.Meet": 0.09090909090909091
    },
    "Contact.Contact.Meet": {
        "GenericCrime.GenericCrime.GenericCrime": 0.07142857142857142,
        "Justice.TrialHearing.Unspecified": 0.07142857142857142,
        "Justice.ChargeIndict.Unspecified": 0.14285714285714285,
        "Conflict.Attack.Unspecified": 0.07142857142857142,
        "Contact.Contact.Unspecified": 0.14285714285714285,
        "Life.Die.Unspecified": 0.07142857142857142,
        "Medical.Intervention.Unspecified": 0.14285714285714285,
        "Contact.Contact.Correspondence": 0.21428571428571427,
        "Contact.Contact.Broadcast": 0.07142857142857142
    },
    "Life.Die.Unspecified": {
        "Contact.Contact.Broadcast": 0.3333333333333333,
        "Justice.TrialHearing.Unspecified": 0.3333333333333333,
        "Justice.ChargeIndict.Unspecified": 0.3333333333333333
    },
    "Medical.Intervention.Unspecified": {
        "Contact.Contact.Unspecified": 0.4,
        "Contact.Contact.Broadcast": 0.4,
        "Medical.Intervention.Unspecified": 0.2
    },
    "Contact.Contact.Broadcast": {
        "Contact.Contact.Correspondence": 0.4117647058823529,
        "Contact.Contact.Unspecified": 0.23529411764705882,
        "Justice.ChargeIndict.Unspecified": 0.058823529411764705,
        "Contact.Contact.Broadcast": 0.11764705882352941,
        "Contact.Contact.Meet": 0.058823529411764705,
        "Contact.ThreatenCoerce.Unspecified": 0.058823529411764705,
        "Personnel.StartPosition.Unspecified": 0.058823529411764705
    },
    "Justice.ChargeIndict.Unspecified": {
        "Justice.ReleaseParole.Unspecified": 0.25,
        "Justice.TrialHearing.Unspecified": 0.25,
        "Contact.Contact.Unspecified": 0.25,
        "Justice.ChargeIndict.Unspecified": 0.25
    },
    "Justice.TrialHearing.Unspecified": {
        "Justice.ReleaseParole.Unspecified": 1.0
    },
    "Contact.Contact.Unspecified": {
        "Contact.Contact.Unspecified": 0.23809523809523808,
        "Contact.Contact.Correspondence": 0.42857142857142855,
        "Contact.Contact.Meet": 0.09523809523809523,
        "Contact.Contact.Broadcast": 0.14285714285714285,
        "Personnel.StartPosition.Unspecified": 0.047619047619047616,
        "Contact.ThreatenCoerce.Unspecified": 0.047619047619047616
    },
    "Personnel.StartPosition.Unspecified": {
        "Contact.Contact.Correspondence": 0.6,
        "Contact.Contact.Meet": 0.2,
        "Movement.Transportation.Unspecified": 0.2
    },
    "Contact.ThreatenCoerce.Unspecified": {
        "Contact.Contact.Correspondence": 0.4,
        "Contact.Contact.Meet": 0.2,
        "Contact.Contact.Unspecified": 0.2,
        "Contact.Contact.Broadcast": 0.2
    }
}